sample_index,sample_token,depth_source,pseudo_points,lidar_points,pseudo_to_gt_mean_nn,pseudo_to_gt_median_nn,pseudo_to_gt_p90_nn,pseudo_to_gt_p95_nn,gt_to_pseudo_mean_nn,gt_to_pseudo_median_nn,gt_to_pseudo_p90_nn,gt_to_pseudo_p95_nn,bev_iou
0,ca9a282c9e77460f8360f564131a8af5,depth_pro,14156,21992,0.7261050343513489,0.5051941871643066,1.5779455304145813,2.1537711024284363,1.2871568202972412,0.7926781177520752,3.4653812885284427,4.495318412780762,0.2273826802128689
0,ca9a282c9e77460f8360f564131a8af5,refined,17113,21992,0.6698864698410034,0.46110567450523376,1.4430919170379644,2.0323417186737056,1.1617518663406372,0.6838712096214294,3.1163174629211436,4.193840026855469,0.2193969396939694
1,39586f9d59004284a7114a68825e8eec,depth_pro,14116,22158,0.7614215612411499,0.5035228729248047,1.749679446220398,2.366680145263672,1.3247212171554565,0.9057371616363525,3.1551264762878413,3.8346869945526123,0.242771555092472
1,39586f9d59004284a7114a68825e8eec,refined,16535,22158,0.6497478485107422,0.417354941368103,1.5199846744537353,2.064283919334411,1.185459017753601,0.7857320308685303,2.9032463550567624,3.7738494873046875,0.23257520176082172
2,356d81f38dd9473ba590f39e266f54e5,depth_pro,12407,22558,0.777683436870575,0.515702486038208,1.8450247287750243,2.343391227722168,1.2064485549926758,0.7849526405334473,3.2415553569793696,3.4180712699890137,0.21568627450980393
2,356d81f38dd9473ba590f39e266f54e5,refined,16906,22558,0.5634023547172546,0.37465840578079224,1.2618507742881775,1.8178958296775818,1.0034023523330688,0.6043573021888733,2.7617380619049072,3.3198721408843994,0.23714670255720055
3,e0845f5322254dafadbbed75aaa07969,depth_pro,11603,23037,0.8102541565895081,0.45163965225219727,2.103987550735474,2.7884567499160764,0.9997324347496033,0.5265594124794006,2.9252090454101562,2.9363448143005373,0.21825629022820361
3,e0845f5322254dafadbbed75aaa07969,refined,14486,23037,0.6184301376342773,0.3753162622451782,1.4222490191459656,2.1283915042877197,0.9207417964935303,0.47394096851348877,2.805722045898438,2.937967300415039,0.21317299808690898
4,c923fe08b2ff4e27975d2bf30934383b,depth_pro,10695,23417,0.8024964332580566,0.4274241328239441,1.9394596576690675,2.601652789115905,1.0242183208465576,0.5614615678787231,2.9167304039001465,2.93074631690979,0.20572764465225016
4,c923fe08b2ff4e27975d2bf30934383b,refined,14427,23417,0.6076858639717102,0.36318522691726685,1.3974671363830564,2.063639664649961,0.9805267453193665,0.5927581787109375,2.916581392288208,2.929436683654785,0.22508398656215006
5,f1e3d9d08f044c439ce86a2d6fcca57b,depth_pro,13034,23471,0.7771652936935425,0.4127988815307617,1.9934256196022035,2.649899959564208,1.249495029449463,0.6438290476799011,3.718317985534668,3.732938528060913,0.2317862165963432
5,f1e3d9d08f044c439ce86a2d6fcca57b,refined,17878,23471,0.6104087829589844,0.4029316306114197,1.3425759077072146,1.897894120216367,1.0459473133087158,0.5910233855247498,2.970097780227661,2.9822425842285156,0.2334264668529337
6,4f545737bf3347fbbc9af60b0be9a963,depth_pro,14506,23059,0.8277408480644226,0.5174977779388428,1.9642974734306335,2.4965215921401978,1.3919261693954468,0.7520160675048828,4.707101726531983,4.726024627685547,0.24309691391445587
6,4f545737bf3347fbbc9af60b0be9a963,refined,19355,23059,0.6496198177337646,0.4080367088317871,1.5263449668884286,2.0444339752197265,1.1165744066238403,0.5665379166603088,3.6957356929779053,3.7065515518188477,0.2443035001174536
7,7626dde27d604ac28a0240bdd54eba7a,depth_pro,15124,23212,0.8735142350196838,0.5875221490859985,2.0317818880081178,2.783303177356718,1.4802095890045166,0.8029038906097412,4.764210224151611,4.80454683303833,0.2568951930654058
7,7626dde27d604ac28a0240bdd54eba7a,refined,18862,23212,0.6545678377151489,0.39943891763687134,1.6153539180755616,2.1556265711784364,1.1351836919784546,0.6267380714416504,3.2683019638061523,3.2786450386047363,0.2655147237770747
8,be99ffc878b24aca8956bbb4e0f97d0c,depth_pro,15446,23317,0.8436456918716431,0.6503587961196899,1.7152944207191467,2.2040228247642517,1.438530683517456,0.8135626912117004,4.64522123336792,4.684876441955566,0.24324324324324326
8,be99ffc878b24aca8956bbb4e0f97d0c,refined,18679,23317,0.7067237496376038,0.49508070945739746,1.5581724166870117,1.9820151329040523,1.1660058498382568,0.6673807501792908,3.5984079837799072,3.6165530681610107,0.26063224926085965
9,9813c23a5f1448b09bb7910fea9baf20,depth_pro,15263,23420,0.7407776117324829,0.464835524559021,1.7517603397369386,2.210430288314819,1.4183961153030396,0.8463008403778076,4.497072696685791,4.535076141357422,0.2572997254804093
9,9813c23a5f1448b09bb7910fea9baf20,refined,17479,23420,0.7348782420158386,0.46439340710639954,1.7680987119674683,2.0777215957641593,1.388653039932251,0.7540806531906128,4.835009574890137,4.874062538146973,0.2601700758446334
10,023c4df2d451409881d8e6ea82f14704,depth_pro,14423,23518,0.775564968585968,0.5015971064567566,1.8553003549575808,2.188164114952087,1.404538869857788,0.796558141708374,4.395654678344727,4.434987115859985,0.2525864244259399
10,023c4df2d451409881d8e6ea82f14704,refined,16384,23518,0.6854170560836792,0.3939898908138275,1.7855148434638988,2.14106410741806,1.3478559255599976,0.6828786134719849,4.714375972747803,4.75117564201355,0.2671631370723761
11,c235638ed66145988d17f9d0601923f2,depth_pro,14867,23908,0.830730140209198,0.5678966641426086,1.8627486467361445,2.3844975948333733,1.2916431427001953,0.6947047710418701,3.9856202602386475,3.9958486557006836,0.26083815028901736
11,c235638ed66145988d17f9d0601923f2,refined,16815,23908,0.734912097454071,0.46145549416542053,1.7507617950439456,2.1500461101531982,1.1685115098953247,0.642372727394104,3.7288743019104005,3.7314932346343994,0.25902004454342986
12,bc3c8a953f6b4dcdb77b521d89f3d9d5,depth_pro,13744,24225,0.9161988496780396,0.5737447738647461,2.1611034631729127,2.807904100418085,1.2769408226013184,0.7558857202529907,3.265080451965332,3.2721455097198486,0.24252324704699674
12,bc3c8a953f6b4dcdb77b521d89f3d9d5,refined,16195,24225,0.8043774962425232,0.5087736248970032,1.8242892742156984,2.454301095008849,1.1858144998550415,0.6841766834259033,3.2161543369293213,3.2208385467529297,0.24259832081307997
13,1e3d79dae62742a0ad64c91679863358,depth_pro,14025,24731,0.9314942359924316,0.5439839959144592,2.4492955684661872,3.40941500663757,1.2213184833526611,0.6959908604621887,2.9852843284606934,3.020299553871155,0.2555033391046253
13,1e3d79dae62742a0ad64c91679863358,refined,15696,24731,0.7344246506690979,0.41713187098503113,1.8421066403388977,2.5739595890045166,1.1673071384429932,0.651477038860321,3.0715434551239014,3.0804808139801025,0.25182886277987143
14,2afb9d32310e4546a71cbe432911eca2,depth_pro,13721,24415,0.8589367866516113,0.5270814299583435,2.1390655040740967,3.0048038959503174,1.4657032489776611,0.7989890575408936,4.358060359954834,4.3625993728637695,0.24233576642335766
14,2afb9d32310e4546a71cbe432911eca2,refined,15344,24415,0.6911259889602661,0.3780733346939087,1.6594421386718756,2.342750406265257,1.228794813156128,0.7284557819366455,3.363259792327881,3.3978159427642822,0.24804643893726278
15,cd21dbfc3bd749c7b10a5c42562e0c42,depth_pro,14057,24532,0.7816759943962097,0.47123703360557556,1.8294906854629516,2.509117364883423,1.3344037532806396,0.7387082576751709,3.9320104122161865,3.9504250288009644,0.26242690058479534
15,cd21dbfc3bd749c7b10a5c42562e0c42,refined,16500,24532,0.6319212913513184,0.378889799118042,1.4052367091178894,1.9187313437461853,1.2119266986846924,0.707436203956604,3.4580514430999756,3.4942667484283447,0.27245983254129896
16,88449a5cb1644a199c1c11f6ac034867,depth_pro,15525,25070,0.7995419502258301,0.5003344416618347,1.8784907817840577,2.582020902633666,1.268710732460022,0.7428814172744751,3.3896615505218506,3.3932876586914062,0.25255405084343074
16,88449a5cb1644a199c1c11f6ac034867,refined,18025,25070,0.6598424911499023,0.3794111907482147,1.5031950473785403,2.1040580749511717,1.2835901975631714,0.7126386165618896,3.4648847579956055,3.4778265833854674,0.2540752010432515
17,2ff86dc19c4644a1a88ce5ba848f56e5,depth_pro,13973,25162,0.745664656162262,0.4746631681919098,1.509912157058716,2.1654847621917725,1.4067636728286743,0.7978892922401428,3.733335256576538,3.7504201054573056,0.24745934959349594
17,2ff86dc19c4644a1a88ce5ba848f56e5,refined,17243,25162,0.6696967482566833,0.4281022250652313,1.4978422403335572,1.9131587862968444,1.2285186052322388,0.735694408416748,2.96809458732605,2.990128517150879,0.270231558844593
18,bf2938e43c6f487497cda76b51bfc406,depth_pro,15273,25380,0.7188300490379333,0.45509055256843567,1.5632977724075319,2.2292174339294433,1.623908519744873,0.8863343000411987,4.4908875942230235,4.521435260772705,0.2596572013302635
18,bf2938e43c6f487497cda76b51bfc406,refined,18744,25380,0.680163562297821,0.45952197909355164,1.5061822652816772,2.0609986543655374,1.2770270109176636,0.8494479656219482,2.9515049695968627,2.9681878089904785,0.2643192488262911
19,b26e791522294bec90f86fd72226e35c,depth_pro,15445,25404,0.7073141932487488,0.4410272538661957,1.351496195793152,2.2380973815917926,1.2820537090301514,0.7020984888076782,3.2690608501434326,3.270329236984253,0.27200816534830313
19,b26e791522294bec90f86fd72226e35c,refined,18646,25404,0.6070660948753357,0.36818820238113403,1.3572222590446472,1.880234271287918,1.2130695581436157,0.7242387533187866,3.1208558082580566,3.1485705375671387,0.25911426474186444
20,c844bf5a9f2243ff8f4bf2c85fe218ff,depth_pro,14835,25476,0.7840869426727295,0.48970460891723633,1.5911001443862918,2.288918614387512,1.365896463394165,0.7359784841537476,3.621482491493225,3.637559652328491,0.25148617213750324
20,c844bf5a9f2243ff8f4bf2c85fe218ff,refined,18422,25476,0.6659384965896606,0.43507200479507446,1.4545502305030833,1.980531811714173,1.1824402809143066,0.6965254545211792,3.008190631866455,3.0332016944885254,0.25814292659212446
21,fedfb3a6cb804635a0f47143f9ca8d6f,depth_pro,14407,25461,0.9238288998603821,0.5411155223846436,1.9486633300781242,2.9029555320739733,1.2789987325668335,0.8174846172332764,3.4555623531341553,3.469011068344116,0.23254606799896185
21,fedfb3a6cb804635a0f47143f9ca8d6f,refined,17273,25461,0.6735734343528748,0.43042051792144775,1.4173911571502698,1.9219631910324089,1.1816366910934448,0.6638136506080627,3.345160484313965,3.3639841079711914,0.24557410217501263
22,965f6af5a92449348409029a5f048a38,depth_pro,13769,25827,0.9475878477096558,0.5895291566848755,1.9636589527130133,2.873112201690665,1.2650333642959595,0.7281021475791931,3.3974921703338623,3.411944556236267,0.23743787962451685
22,965f6af5a92449348409029a5f048a38,refined,17563,25827,0.653150737285614,0.4627915024757385,1.3336767435073855,1.7140852093696581,1.1491981744766235,0.6301632523536682,3.3011868000030518,3.317471981048584,0.25382989963021657
23,4711bcd34644420da8bc77163431888e,depth_pro,13182,26165,0.8561577796936035,0.5995970964431763,1.580246889591217,2.52793668508529,1.1697242259979248,0.6536528468132019,3.0955018997192383,3.1000895500183105,0.23354447810520518
23,4711bcd34644420da8bc77163431888e,refined,17113,26165,0.6236148476600647,0.4323731064796448,1.3057114362716675,1.649723172187805,1.0620821714401245,0.5559317469596863,2.998652935028076,3.0066025257110596,0.25296130560673863
24,a34fabc7aa674713b71f98ec541eb2d4,depth_pro,13588,26516,0.6902371048927307,0.4906960129737854,1.3989236474037172,1.8991974771022793,1.2217216491699219,0.6763970851898193,3.1312026977539062,3.13581246137619,0.2449038185472294
24,a34fabc7aa674713b71f98ec541eb2d4,refined,18233,26516,0.5639356374740601,0.4068576693534851,1.141088008880615,1.4827273845672595,1.1429128646850586,0.6170188784599304,3.0633387565612793,3.0714104175567627,0.2536212799578615
25,c78067571d104caba7c568a847d56971,depth_pro,14161,26843,0.7067874670028687,0.45205503702163696,1.599015235900879,2.117361068725586,1.331118106842041,0.7611857652664185,3.312831163406372,3.342259335517883,0.25818388841446055
25,c78067571d104caba7c568a847d56971,refined,19202,26843,0.5884894132614136,0.4496345520019531,1.167713069915772,1.496198016405106,1.3011122941970825,0.6915896534919739,3.3238275051116943,3.353055000305176,0.26404786680541104
26,4246e57f018745c9b2bc68feb3d71b58,depth_pro,13915,26948,0.7328929305076599,0.5561143159866333,1.519131851196289,1.7652260780334472,1.3264868259429932,0.7738710045814514,2.954655408859253,2.9685672879219016,0.2609579100145138
26,4246e57f018745c9b2bc68feb3d71b58,refined,18333,26948,0.5930013656616211,0.42899075150489807,1.3368499755859375,1.6568570852279658,1.2168338298797607,0.6359261274337769,2.9560282230377197,2.966355562210083,0.2632898696088265
27,a7acb150914b40bdad9a2dc4e657cbf9,depth_pro,13771,26828,0.7187461256980896,0.5027507543563843,1.5592622756958008,1.98200523853302,1.312437653541565,0.7586488723754883,2.963090658187866,3.126213777065276,0.26682339112547754
27,a7acb150914b40bdad9a2dc4e657cbf9,refined,18489,26828,0.555763840675354,0.3766613006591797,1.2405000448226935,1.6416512250900253,1.1969090700149536,0.619428277015686,2.9790494441986084,2.9898908138275146,0.28170825829688706
28,0cd661df01aa40c3bb3a773ba86f753a,depth_pro,14678,26900,0.681650698184967,0.47805094718933105,1.4135869026184087,1.8247087359428404,1.3658369779586792,0.7655948400497437,3.3089027404785156,3.5273697733879086,0.27134233975280253
28,0cd661df01aa40c3bb3a773ba86f753a,refined,18961,26900,0.5136603116989136,0.34519127011299133,1.1779547929763794,1.5584224462509155,1.2318991422653198,0.6460604667663574,3.116109299659729,3.2435901999473566,0.2896444329094212
29,378a3a3e9af346308ab9dff8ced46d9c,depth_pro,14608,26831,0.6946879029273987,0.46748512983322144,1.3982202529907228,1.9974567830562588,1.4086511135101318,0.7756698131561279,3.7583038806915283,3.760767936706543,0.27594202898550724
29,378a3a3e9af346308ab9dff8ced46d9c,refined,19166,26831,0.5188069343566895,0.3276621103286743,1.1357399821281433,1.6008507311344147,1.2759332656860352,0.6171177625656128,3.5739426612854004,3.5771435499191284,0.30326594090202175
