pair_index,source_token,target_token,dt_s,method,region,num_source_points,num_target_points,fitness,rmse,estimated_translation_m,estimated_rotation_deg,translation_error_m,rotation_error_deg,global_fitness,global_rmse
0,ca9a282c9e77460f8360f564131a8af5,39586f9d59004284a7114a68825e8eec,0.4998960494995117,icp_direct,all,34688,34720,0.8782949239343275,0.5504155153558279,4.49602531627144,0.3866442163461377,0.05049793641686811,0.3155791114684474,,
0,ca9a282c9e77460f8360f564131a8af5,39586f9d59004284a7114a68825e8eec,0.4998960494995117,global_then_icp,all,34688,34720,0.8782949239343275,0.5504155140262906,4.496025348602892,0.3866441816531011,0.05049794259222374,0.3155792223285706,0.8986579019446727,0.8457054571722471
0,ca9a282c9e77460f8360f564131a8af5,39586f9d59004284a7114a68825e8eec,0.4998960494995117,icp_direct,front,12471,12650,0.8927231807951987,0.6371374759540069,1.858595608832681,0.4525876640961605,2.6706853340297503,0.49022246693582555,,
0,ca9a282c9e77460f8360f564131a8af5,39586f9d59004284a7114a68825e8eec,0.4998960494995117,global_then_icp,front,12471,12650,0.8049512378094523,0.5746272784694512,3.6744432874064255,0.32520408078569535,0.8381134762361419,0.4233543624725322,0.8838028169014085,0.896983648126368
0,ca9a282c9e77460f8360f564131a8af5,39586f9d59004284a7114a68825e8eec,0.4998960494995117,icp_direct,near,15453,15718,0.992992992992993,0.3399930360972937,0.24906276045873482,5.199621950827458,4.404332061402614,4.869195539569993,,
0,ca9a282c9e77460f8360f564131a8af5,39586f9d59004284a7114a68825e8eec,0.4998960494995117,global_then_icp,near,15453,15718,0.6696696696696697,0.6627318538544649,5.63582412137579,38.34380035681831,7.275897187265661,38.67604049285968,1.0,0.6564946869468076
0,ca9a282c9e77460f8360f564131a8af5,39586f9d59004284a7114a68825e8eec,0.4998960494995117,icp_direct,mid,4879,4945,0.8922955974842768,0.5864662501955769,0.5051630209208638,1.4017530176098472,4.290703976142211,1.2241416775348872,,
0,ca9a282c9e77460f8360f564131a8af5,39586f9d59004284a7114a68825e8eec,0.4998960494995117,global_then_icp,mid,4879,4945,0.8930817610062893,0.5882823790964482,0.5039864216607843,1.405420397529346,4.294477587083279,1.2266020475602208,0.9036777583187391,0.9208441303337389
0,ca9a282c9e77460f8360f564131a8af5,39586f9d59004284a7114a68825e8eec,0.4998960494995117,icp_direct,far,1660,1495,0.5845303867403315,0.7956159751249547,1.2459415407167196,0.37724120396821587,3.273555900158667,0.3639884682009971,,
0,ca9a282c9e77460f8360f564131a8af5,39586f9d59004284a7114a68825e8eec,0.4998960494995117,global_then_icp,far,1660,1495,0.6209944751381216,0.6440284656815818,4.265494596741897,0.6064275221002656,0.260598479301214,0.26929451315593766,0.7,1.071151091964808
1,39586f9d59004284a7114a68825e8eec,356d81f38dd9473ba590f39e266f54e5,0.5502011775970459,icp_direct,all,34720,34720,0.870584698632196,0.5722419177517795,4.808438201177174,0.5550319465401526,0.05045820015080875,0.08725630421265164,,
1,39586f9d59004284a7114a68825e8eec,356d81f38dd9473ba590f39e266f54e5,0.5502011775970459,global_then_icp,all,34720,34720,0.870735006763866,0.572493069840149,4.809147057956675,0.5549393534622495,0.05046462174411585,0.08708537722700956,0.8935519733185103,0.8559863191242124
1,39586f9d59004284a7114a68825e8eec,356d81f38dd9473ba590f39e266f54e5,0.5502011775970459,icp_direct,front,12650,13319,0.8108766233766234,0.5398668261194458,0.5821395868131948,1.503691559589273,4.783535602507051,1.6824040361736805,,
1,39586f9d59004284a7114a68825e8eec,356d81f38dd9473ba590f39e266f54e5,0.5502011775970459,global_then_icp,front,12650,13319,0.8108766233766234,0.5766550801379281,0.7429665715693847,1.6465244137011543,4.340959576796405,1.8073373586813122,0.8120950323974082,0.9252778572837665
1,39586f9d59004284a7114a68825e8eec,356d81f38dd9473ba590f39e266f54e5,0.5502011775970459,icp_direct,near,15718,16858,0.973973973973974,0.4525262704008869,0.4303414094950867,8.441254231638522,4.655593206224136,8.088436268841289,,
1,39586f9d59004284a7114a68825e8eec,356d81f38dd9473ba590f39e266f54e5,0.5502011775970459,global_then_icp,near,15718,16858,0.973973973973974,0.45252631026247886,0.430342551022748,8.441263701086637,4.6555930028629415,8.088445722756209,0.9971181556195965,0.6784818444957773
1,39586f9d59004284a7114a68825e8eec,356d81f38dd9473ba590f39e266f54e5,0.5502011775970459,icp_direct,mid,4945,4163,0.7284716834755625,0.6143663463962422,4.213254343485888,0.4351857528544536,0.6066726830278206,0.5522893569609545,,
1,39586f9d59004284a7114a68825e8eec,356d81f38dd9473ba590f39e266f54e5,0.5502011775970459,global_then_icp,mid,4945,4163,0.7284716834755625,0.614366346396242,4.213254343485889,0.43518575285780364,0.6066726830278198,0.5522893569622743,0.7846975088967971,1.080463060506599
1,39586f9d59004284a7114a68825e8eec,356d81f38dd9473ba590f39e266f54e5,0.5502011775970459,icp_direct,far,1495,1537,0.4841075794621027,0.8076810776722145,0.7440375138439124,0.8078775562399941,5.289032803311208,0.6565633097726712,,
1,39586f9d59004284a7114a68825e8eec,356d81f38dd9473ba590f39e266f54e5,0.5502011775970459,global_then_icp,far,1495,1537,0.6894865525672371,0.6427827982764861,4.812124959301036,0.4557554018696777,0.03792111316404623,0.17509015149146512,0.7377398720682303,0.9123686033613788
2,356d81f38dd9473ba590f39e266f54e5,e0845f5322254dafadbbed75aaa07969,0.49930477142333984,icp_direct,all,34720,34688,0.8557309102502789,0.5924449953684866,4.1853700981142685,0.5081991799034927,0.03741110345820168,0.3020604338021391,,
2,356d81f38dd9473ba590f39e266f54e5,e0845f5322254dafadbbed75aaa07969,0.49930477142333984,global_then_icp,all,34720,34688,0.8557309102502789,0.5924422226221984,4.18540340796452,0.5081231302077707,0.037397809089138326,0.3021437428154974,0.8883747831116252,0.8759877697328587
2,356d81f38dd9473ba590f39e266f54e5,e0845f5322254dafadbbed75aaa07969,0.49930477142333984,icp_direct,front,13319,14076,0.8690807799442897,0.6156964913724189,1.5832031999202707,2.937725727659695,2.6838595529243694,2.7299261478911845,,
2,356d81f38dd9473ba590f39e266f54e5,e0845f5322254dafadbbed75aaa07969,0.49930477142333984,global_then_icp,front,13319,14076,0.8690807799442897,0.6157056137201893,1.5834652661437503,2.9380226563241867,2.6836326005689846,2.73006963094812,0.8909952606635071,0.7683838648133432
2,356d81f38dd9473ba590f39e266f54e5,e0845f5322254dafadbbed75aaa07969,0.49930477142333984,icp_direct,near,16858,18797,0.9628886659979939,0.3804872653249219,0.3963818427649028,1.1052928733235605,3.791953786854398,1.613369515517908,,
2,356d81f38dd9473ba590f39e266f54e5,e0845f5322254dafadbbed75aaa07969,0.49930477142333984,global_then_icp,near,16858,18797,0.9628886659979939,0.38048726532492133,0.3963818427649013,1.1052928733255392,3.7919537868543993,1.6133695155192636,0.9940298507462687,0.6303904099857663
2,356d81f38dd9473ba590f39e266f54e5,e0845f5322254dafadbbed75aaa07969,0.49930477142333984,icp_direct,mid,4163,2510,0.5842490842490843,0.7071566048208221,3.777283389735829,0.758842667549907,0.42294477471603237,0.5713230168665572,,
2,356d81f38dd9473ba590f39e266f54e5,e0845f5322254dafadbbed75aaa07969,0.49930477142333984,global_then_icp,mid,4163,2510,0.5833333333333334,0.705204247284015,3.775730676891128,0.7673158293404324,0.42297815335799366,0.5661434293119241,0.7323651452282157,0.8772543960994541
2,356d81f38dd9473ba590f39e266f54e5,e0845f5322254dafadbbed75aaa07969,0.49930477142333984,icp_direct,far,1537,1730,0.8303464755077659,0.5973459480225558,3.957362483502663,0.5487342744106762,0.2460196870453001,0.4060170913328162,,
2,356d81f38dd9473ba590f39e266f54e5,e0845f5322254dafadbbed75aaa07969,0.49930477142333984,global_then_icp,far,1537,1730,0.8303464755077659,0.5981991129859597,3.990782313315077,0.5329875210111675,0.21356559825666477,0.42594108924491475,0.8550420168067226,0.7761732411988332
3,e0845f5322254dafadbbed75aaa07969,c923fe08b2ff4e27975d2bf30934383b,0.5004441738128662,icp_direct,all,34688,34752,0.8519033547714236,0.549265806743457,3.9686960537083094,0.47644932805025153,0.12357111929681242,0.16066408276467453,,
3,e0845f5322254dafadbbed75aaa07969,c923fe08b2ff4e27975d2bf30934383b,0.5004441738128662,global_then_icp,all,34688,34752,0.8527724665391969,0.5511213716468906,3.9674428065490055,0.47775785693970824,0.1250602004450013,0.16249208892353778,0.8578914919852034,0.892676206624341
3,e0845f5322254dafadbbed75aaa07969,c923fe08b2ff4e27975d2bf30934383b,0.5004441738128662,icp_direct,front,14076,14649,0.94824016563147,0.5409680801484913,0.3552932933997472,0.8019749323479496,3.947755802981668,1.0553426500937382,,
3,e0845f5322254dafadbbed75aaa07969,c923fe08b2ff4e27975d2bf30934383b,0.5004441738128662,global_then_icp,front,14076,14649,0.9492753623188406,0.5442443427597324,0.3407456215519049,0.6440577374531341,3.9420372210778494,0.8244126903793145,0.9722921914357683,0.7941292608843301
3,e0845f5322254dafadbbed75aaa07969,c923fe08b2ff4e27975d2bf30934383b,0.5004441738128662,icp_direct,near,18797,19303,0.9903329752953813,0.4518357148633999,0.7698750548981912,1.4970030396158793,3.325161245383863,1.5448092772550515,,
3,e0845f5322254dafadbbed75aaa07969,c923fe08b2ff4e27975d2bf30934383b,0.5004441738128662,global_then_icp,near,18797,19303,0.9903329752953813,0.4518057461858167,0.7708366329917848,1.4934020812469293,3.324152386198827,1.540655903722477,0.9969512195121951,0.6578139842956229
3,e0845f5322254dafadbbed75aaa07969,c923fe08b2ff4e27975d2bf30934383b,0.5004441738128662,icp_direct,mid,2510,2451,0.7015625,0.5727002214777656,0.9123256760565229,2.065375183819575,4.985374251095846,1.7971411215432613,,
3,e0845f5322254dafadbbed75aaa07969,c923fe08b2ff4e27975d2bf30934383b,0.5004441738128662,global_then_icp,mid,2510,2451,0.7015625,0.5848513852215794,0.9358420343257945,2.162257524794591,5.009301161216169,1.8935108592443552,0.7515527950310559,1.169134601225153
3,e0845f5322254dafadbbed75aaa07969,c923fe08b2ff4e27975d2bf30934383b,0.5004441738128662,icp_direct,far,1730,1663,0.592436974789916,0.8906421098468019,0.8306348389172158,0.6660712743905407,3.2852122533445263,0.9302958906577861,,
3,e0845f5322254dafadbbed75aaa07969,c923fe08b2ff4e27975d2bf30934383b,0.5004441738128662,global_then_icp,far,1730,1663,0.6764705882352942,0.609823956644866,3.8238771767484536,0.873928986620009,0.2655056389284276,0.5731299727129838,0.8076923076923077,1.1339655512948548
